{
  "mcp": "1.0.0",
  "details": {
    "protocolVersion": "2025-02-05",
    "serverInfo": {
      "name": "MCP Agenda",
      "version": "1.3.7"
    },
    "capabilities": {
      "tools": {
        "listChanged": false
      },
      "resources": {
        "listChanged": false
      },
      "prompts": {
        "listChanged": false
      }
    }
  },
  "tools": [
    {
      "name": "Find a conference",
      "description": "Finding conference based on people skill",
      "inputSchema": {
        "type": "object",
        "properties": {
          "skill": {
            "type": "string",
            "description": "Skill name"
          }
        },
        "required": [
          "skill"
        ],
        "additionalProperties": false,
        "$schema": "http://json-schema.org/draft-07/schema#"
      },
      "outputSchema": {}
    },
    {
      "name": "Register to a conference",
      "description": "Schedule a conference in personal agenda",
      "inputSchema": {
        "type": "object",
        "properties": {
          "conferenceID": {
            "type": "string",
            "description": "Conference ID"
          },
          "agendaID": {
            "type": "string",
            "description": "Agenda ID"
          }          
        },
        "required": [
          "conferenceID, agendaID"
        ],
        "additionalProperties": false,
        "$schema": "http://json-schema.org/draft-07/schema#"
      },
      "outputSchema": {}
    }
  ],
  "resources": [
    {
      "description": "Conference model",
      "mimeType": "text/plain",
      "name": "Conference",
      "size": "",
      "title": "Conference descriptor",
      "uri": "test://static/resource/conference"
    },
    {
      "description": "Schedule model",
      "mimeType": "application/octet-stream",
      "name": "Schedule",
      "size": "",
      "title": "",
      "uri": "test://static/resource/schedule"
    }
  ],
  "prompts": [
    {
      "arguments": [],
      "description": "Finding conference",
      "name": "Conference search"
    },
    {
      "arguments": [
        {
          "description": "Skill name",
          "name": "skill",
          "required": true
        }
      ],
      "description": "Finding conference based on skill",
      "name": "Conference search advanced"
    },
    {
      "arguments": [
        {
          "description": "Conference Identifier",
          "name": "conferenceID",
          "required": true
        },
        {
          "description": "Agenda Identifier",
          "name": "agendaID",
          "required": true
        }
      ],
      "description": "Scheduling conference in calendar",
      "name": "Conference scheduler"
    }
  ],
  "transports": [
    "http-sse"
  ]
}