{
  "group": "management",
  "apiVersion": "v1alpha1",
  "kind": "APIServiceInstance",
  "name": "customer-data-instance-test",
  "title": "Cutomer Data Service Instance TEST",
  "metadata": {
    "scope": {
      "kind": "Environment",
      "name": "non-prod"
    }
  },
  "attributes": {},
  "finalizers": [],
  "tags": [
    "nonprod"
  ],
  "spec": {
    "endpoint": [
      {
        "host": "test100.k8s.axwayamplify.com",
        "port": 443,
        "routing": {
          "basePath": "/apis"
        },
        "protocol": "https"
      }
    ],
    "apiServiceRevision": "customer-data-revision-v100",
	"accessRequestDefinition": "demo-ard",
	"credentialRequestDefinitions": [
	  "demo-crd"
	]
  },
  "lifecycle": {
    "stage": "demo-test",
    "releaseState": {
      "name": "prerelease"
    }
  }
}