{
    "group": "catalog",
    "apiVersion": "v1alpha1",
    "kind": "Category",
    "name": "category-marketing",
    "title": "Marketing",
    "attributes": {},
    "finalizers": [],
    "tags": [],
    "spec": {
        "description": "Category for Marketing",
        "restriction": {
            "type": "product"
        }
    },
    "languages": {
        "resource": {
            "code": "en-us"
        }
    },
    "languages-fr-fr": {
        "values": [
            {
                "path": "/title",
                "value": "Commercialisation",
            },
            {
                "path": "/spec/description",
                "value": "Catégorie pour la Commercialisation",
            }
        ]
    }
}
