{
    "group": "catalog",
    "apiVersion": "v1alpha1",
    "kind": "SubscriptionRequestDefinition",
    "name": "demo-srd",
    "title": "Subscription asks for department Identifier",
    "attributes": {},
    "finalizers": [],
    "tags": [],
    "spec": {
        "schema": {
            "type": "object",
            "$schema": "http://json-schema.org/draft-07/schema#",
            "required": [
                "departmentContact"
            ],
            "properties": {
                "departmentID": {
                    "title": "Select a department",
                    "type": "string",
                    "oneOf": [
                        {
                            "title": "Finance",
                            "const": "Finance"
                        },
                        {
                            "title": "People & culture",
                            "const": "rh"
                        },
                        {
                            "title": "Marketing",
                            "const": "Marketing"
                        }
                    ],
                    "Description": "What is the billing department"
                },
                "departmentContact": {
                    "type": "string",
                    "title": "Department contact",
                    "description": "Name"
                }
            }
        }
    },
    "languages": {
        "resource": {
            "code": "en-us"
        },
    },
    "languages-fr-fr": {
        "values": [
            {
                "path": "/title",
                "value": "La souscription demande un identifiant de département"
            },
            {
                "path": "/spec/schema",
                "value": {
                    "type": "object",
                    "$schema": "http://json-schema.org/draft-07/schema#",
                    "required": [
                        "departmentContact"
                    ],
                    "properties": {
                        "departmentID": {
                            "type": "string",
                            "title": "Sélectionner le département",
                            "oneOf": [
                                {
                                    "title": "Finance",
                                    "const": "Finance"
                                },
                                {
                                    "title": "People & culture",
                                    "const": "rh"
                                },
                                {
                                    "title": "Marketing",
                                    "const": "Marketing"
                                }
                            ],
                            "description": "Quel est le département pour la facturation"
                        },
                        "departmentContact": {
                            "type": "string",
                            "title": "Contact du département",
                            "description": "nom"
                        }
                    }
                }
            }
        ]
    }

}