[
	{
		"group": "management",
		"apiVersion": "v1alpha1",
		"kind": "AccessRequestDefinition",
		"name": "demo-ard",
		"title": "API Scopes",
		"metadata": {
			"scope": {
				"kind": "Environment",
				"name": "non-prod",
			},
		},
		"attributes": {},
		"finalizers": [],
		"tags": [],
		"spec": {
			"schema": {
				"type": "object",
				"$schema": "http://json-schema.org/draft-07/schema",
				"properties": {
					"scopes": {
						"type": "object",
						"title": "Why Do You Want Access?",
						"properties": {
							"Toggle": {
							  "title": "Select a value",
							  "type": "string",
							  "oneOf": [
								{
								  "title": "Just trying things out",
								  "const": "tryout"
								},
								{
								  "title": "Would like to perform test",
								  "const": "testing"
								},
								{
								  "title": "Beginning developments",
								  "const": "developing"
								}      ]
							}
						}
					}
				},
				"description": "Please choose the best answer",
				"additionalProperties": false
			}
		},
		"languages": {
			"resource": {
				"code": "en-us"
			},
		},
		"languages-fr-fr": {
			"values": [
				{
					"path": "/title",
					"value": "Portée des APIs"
				},
				{
					"path": "/spec/schema",
					"value": {
						"type": "object",
						"$schema": "http://json-schema.org/draft-07/schema#",
						"properties": {
							"scopes": {
								"type": "object",
								"title": "Pourquoi voulez-vous un accès?",
								"properties": {
									"Toggle": {
									  "title": "Select a value",
									  "type": "string",
									  "oneOf": [
										{
										  "title": "Just trying things out",
										  "const": "tryout"
										},
										{
										  "title": "Would like to perform test",
										  "const": "testing"
										},
										{
										  "title": "Beginning developments",
										  "const": "developing"
										}      ]
									}
								}
							},
							"description": "SVP, sélectionnez la meilleure réponse",
							"additionalProperties": false
						}
					},
				}
			]
		}

	},
	{
		"group": "management",
		"apiVersion": "v1alpha1",
		"kind": "AccessRequestDefinition",
		"name": "demo-ard",
		"title": "API Scopes",
		"metadata": {
			"scope": {
				"kind": "Environment",
				"name": "prod",
			},
		},
		"attributes": {},
		"finalizers": [],
		"tags": [],
		"spec": {
			"schema": {
				"type": "object",
				"$schema": "http://json-schema.org/draft-07/schema",
				"properties": {
					"scopes": {
						"type": "object",
						"title": "Why Do You Want Access?",
						"properties": {
							"Toggle": {
							  "title": "Select a value",
							  "type": "string",
							  "oneOf": [
								{
								  "title": "Just trying things out",
								  "const": "tryout"
								},
								{
								  "title": "Would like to perform test",
								  "const": "testing"
								},
								{
								  "title": "Beginning developments",
								  "const": "developing"
								}      ]
							}
						}
					}
				},
				"description": "Please choose the best answer",
				"additionalProperties": false
			}
		},
		"languages": {
			"resource": {
				"code": "en-us"
			},
		},
		"languages-fr-fr": {
			"values": [
				{
					"path": "/title",
					"value": "Portée des APIs"
				},
				{
					"path": "/spec/schema",
					"value": {
						"type": "object",
						"$schema": "http://json-schema.org/draft-07/schema#",
						"properties": {
							"scopes": {
								"type": "object",
								"title": "Pourquoi voulez-vous un accès?",
								"properties": {
									"Toggle": {
									  "title": "Select a value",
									  "type": "string",
									  "oneOf": [
										{
										  "title": "Just trying things out",
										  "const": "tryout"
										},
										{
										  "title": "Would like to perform test",
										  "const": "testing"
										},
										{
										  "title": "Beginning developments",
										  "const": "developing"
										}      ]
									}
								}
							},
							"description": "SVP, sélectionnez la meilleure réponse",
							"additionalProperties": false
						}
					},
				}
			]
		}

	}
]