[
    {
        "group": "catalog",
        "apiVersion": "v1alpha1",
        "kind": "Stage",
        "name": "demo-dev",
        "title": "Development stage",
        "attributes": {},
        "finalizers": [],
        "tags": [],
        "spec": {
            "description": "Groups Assets available in Development"
        },
		"languages": {
			"resource": {
				"code": "en-us"
			}
		},
		"languages-fr-fr": {
			"values": [
				{
					"path": "/title",
					"value": "Dévelopement",
				},
				{
					"path": "/spec/description",
					"value": "Regroupe les assets disponibles en Dévelopement",
				}
			]
		}
    },
    {
        "group": "catalog",
        "apiVersion": "v1alpha1",
        "kind": "Stage",
        "name": "demo-test",
        "title": "Test/QA stage",
        "attributes": {},
        "finalizers": [],
        "tags": [],
        "spec": {
            "description": "Groups Assets available in QA"
        },
		"languages": {
			"resource": {
				"code": "en-us"
			}
		},
		"languages-fr-fr": {
			"values": [
				{
					"path": "/title",
					"value": "Qualification",
				},
				{
					"path": "/spec/description",
					"value": "Regroupe les assets disponibles en Test",
				}
			]
		}
    },
    {
        "group": "catalog",
        "apiVersion": "v1alpha1",
        "kind": "Stage",
        "name": "demo-prod",
        "title": "Production",
        "attributes": {},
        "finalizers": [],
        "tags": [],
        "spec": {
            "description": "Groups Assets available in Production"
        },
		"languages": {
			"resource": {
				"code": "en-us"
			}
		},
		"languages-fr-fr": {
			"values": [
				{
					"path": "/title",
					"value": "Production",
				},
				{
					"path": "/spec/description",
					"value": "Regroupe les assets disponibles en Production",
				}
			]
		}
    }
]