[
	{
		"group": "catalog",
		"apiVersion": "v1alpha1",
		"kind": "PublishedStage",
		"name": "stage-demo-dev-visibility",
		"metadata": {
			"scope": {
				"kind": "Marketplace",
				"name": "_MKT_NAME_GOES_HERE_",
			},
		},
		"attributes": {},
		"finalizers": [],
		"tags": [],
		"spec": {
			"stage": {
				"name": "demo-dev"
			}
		}
	},
	{
		"group": "catalog",
		"apiVersion": "v1alpha1",
		"kind": "PublishedStage",
		"name": "stage-demo-test-visibility",
		"metadata": {
			"scope": {
				"kind": "Marketplace",
				"name": "_MKT_NAME_GOES_HERE_",
			},
		},
		"attributes": {},
		"finalizers": [],
		"tags": [],
		"spec": {
			"stage": {
				"name": "demo-test"
			}
		}
	},
	{
		"group": "catalog",
		"apiVersion": "v1alpha1",
		"kind": "PublishedStage",
		"name": "stage-demo-prod-visibility",
		"metadata": {
			"scope": {
				"kind": "Marketplace",
				"name": "_MKT_NAME_GOES_HERE_",
			},
		},
		"attributes": {},
		"finalizers": [],
		"tags": [],
		"spec": {
			"stage": {
				"name": "demo-prod"
			}
		}
	}
]