[
	{
		"group": "management",
		"apiVersion": "v1alpha1",
		"kind": "Environment",
		"name": "non-prod",
		"title": "Non production environment",
		"attributes": {},
		"finalizers": [],
		"tags": [],
		"spec": {
			"production": false,
			"axwayManaged": false
		},
		"stages": {
			"allowed": [
				"demo-test",
				"demo-dev"
			]
		}	
	},
	{
		"group": "management",
		"apiVersion": "v1alpha1",
		"kind": "Environment",
		"name": "prod",
		"title": "Production environment",
		"attributes": {},
		"finalizers": [],
		"tags": [],
		"spec": {
			"production": false,
			"axwayManaged": false
		},
		"stages": {
			"allowed": [
				"demo-prod",
			]
		}
	}
]
