[
	{
		"group": "management",
		"apiVersion": "v1alpha1",
		"kind": "CredentialRequestDefinition",
		"name": "demo-crd",
		"title": "External credential",
		"metadata": {
			"scope": {
				"kind": "Environment",
				"name": "non-prod"
			}
		},
		"attributes": {},
		"finalizers": [],
		"tags": [],
		"spec": {
			"schema": {
				"type": "object",
				"$schema": "http://json-schema.org/draft-07/schema#",
				"required": [
					"clientID"
				],
				"properties": {
					"notes": {
						"type": "string",
						"title": "Notes",
						"default": "Register the credential you already have",
						"readOnly": true
					},
					"clientID": {
						"type": "string",
						"title": "External credential"
					}
				}
			},
			"provision": {
				"schema": {}
			}
		},
		"languages": {
			"resource": {
				"code": "en-us"
			}
		},
		"languages-fr-fr": {
			"values": [
				{
					"path": "/title",
					"value": "Client externe"
				},
				{
					"path": "/spec/schema",
					"value": {
						"type": "object",
						"$schema": "http://json-schema.org/draft-07/schema#",
						"properties": {
							"notes": {
								"type": "string",
								"title": "Notes",
								"default": "Enregistrer un client que vous possédez déjà",
								"readOnly": true
							},
							"clientID": {
								"type": "string",
								"title": "Client externe"
							}
						}
					}
				}
			]
		}
	},
	{
		"group": "management",
		"apiVersion": "v1alpha1",
		"kind": "CredentialRequestDefinition",
		"name": "demo-crd",
		"title": "External credential",
		"metadata": {
			"scope": {
				"kind": "Environment",
				"name": "prod"
			}
		},
		"attributes": {},
		"finalizers": [],
		"tags": [],
		"spec": {
			"schema": {
				"type": "object",
				"$schema": "http://json-schema.org/draft-07/schema#",
				"required": [
					"clientID"
				],
				"properties": {
					"notes": {
						"type": "string",
						"title": "Notes",
						"default": "Register the credential you already have",
						"readOnly": true
					},
					"clientID": {
						"type": "string",
						"title": "External credential"
					}
				}
			},
			"provision": {
				"schema": {}
			}
		},
		"languages": {
			"resource": {
				"code": "en-us"
			}
		},
		"languages-fr-fr": {
			"values": [
				{
					"path": "/title",
					"value": "Client externe"
				},
				{
					"path": "/spec/schema",
					"value": {
						"type": "object",
						"$schema": "http://json-schema.org/draft-07/schema#",
						"properties": {
							"notes": {
								"type": "string",
								"title": "Notes",
								"default": "Enregistrer un client que vous possédez déjà",
								"readOnly": true
							},
							"clientID": {
								"type": "string",
								"title": "Client externe"
							}
						}
					}
				}
			]
		}
	}
]