{
  "group": "management",
  "apiVersion": "v1alpha1",
  "kind": "AssetMapping",
  "name": "customer-data-asset-map1-prod",
  "title": "Customer Data Mapping V1 PROD",
  "metadata": {
    "scope": {
      "kind": "Asset",
      "name": "customer-data-asset"
    }
  },
  "attributes": {
    "att-name": "att-value"
  },
  "finalizers": [],
  "tags": [
    "demo"
  ],
  "spec": {
    "inputs": {
      "apiService": "management/prod/customer-data-service",
      "apiServiceInstance": "management/prod/customer-data-instance-prod-v1",
      "assetResourceTitle": "Customer Data service"
    }
  }
}